{"high_degree_ad":0.860709501655311,"max_influence_ad":0.8551552482447172,"high_degree_aci":2.42851615049189,"model":"WC","random_time":0.0057694073076601385,"random_aci":2.3960569190807663,"max_influence_aidc":19.803621542523725,"s_dist":"Exponential","random_z_sum":60.601405841294564,"name":"Convote","max_influence_ap":0.5445664538499955,"random_ad":0.8372426163569694,"high_degree_time":0.03531980514526367,"max_influence_z_sum":63.48585716049243,"random_ap":0.5178457483098258,"high_degree_aidc":19.75892653613837,"k":2,"max_influence_time":0.645197868347168,"random_aidc":18.1246335816883,"m":521,"k_par":"0.005","high_degree_ap":0.545084950398788,"max_influence_aci":2.4462914701227216,"high_degree_z_sum":63.39823278112754,"n":219}
{"high_degree_ad":0.8765374535086236,"max_influence_ad":0.8721486122257044,"high_degree_aci":3.164242677193402,"model":"WC","random_time":0.003780333201090495,"random_aci":3.1705573955993644,"max_influence_aidc":24.480895674696107,"s_dist":"Exponential","random_z_sum":88.56841328917928,"name":"Netscience","max_influence_ap":0.5939994500855178,"random_ad":0.8554457935706322,"high_degree_time":0.03028702735900879,"max_influence_z_sum":93.3948034349812,"random_ap":0.4893022221458788,"high_degree_aidc":23.808694516633995,"k":2,"max_influence_time":0.43243885040283203,"random_aidc":22.042277965195538,"m":914,"k_par":"0.005","high_degree_ap":0.6065458524825215,"max_influence_aci":3.179141573534259,"high_degree_z_sum":91.98590449078813,"n":379}
{"high_degree_ad":0.38992126888077755,"max_influence_ad":0.3859140634913234,"high_degree_aci":1.974123482215838,"model":"WC","random_time":0.002531148017720973,"random_aci":1.9752993074199545,"max_influence_aidc":12.072566262935222,"s_dist":"Exponential","random_z_sum":33.44085052752593,"name":"Polbooks","max_influence_ap":0.20272685758481926,"random_ad":0.37749072445489845,"high_degree_time":0.04024696350097656,"max_influence_z_sum":34.72480614997827,"random_ap":0.14717000698632518,"high_degree_aidc":11.805718030944991,"k":1,"max_influence_time":0.38073086738586426,"random_aidc":11.17504626647041,"m":441,"k_par":"0.005","high_degree_ap":0.18887644919890992,"max_influence_aci":1.9176913761784673,"high_degree_z_sum":34.33404471594081,"n":105}
