{"n":105,"init_aci":5.773210674695551,"greedy_aci_time":1.48887300491333,"greedy_ap_time":0.2845010757446289,"max_ad_ad":0.9778849501455589,"init_ap":0.2952807698709024,"model":"WC","greedy_aidc_aidc":28.295711012225297,"max_aidc_time":0.06047987937927246,"max_aidc_upp_r_size":5251,"max_ad_time":0.006181955337524414,"max_aidc_upp_aidc":28.295711012225297,"max_aci_time":0.2548551559448242,"s_dist":"Uniform","greedy_aidc_r_size":111574,"max_aci_lin":5.8507601704134355,"name":"Polbooks","greedy_ad_ad":0.9778849501455589,"max_aci_r_size":4624,"max_ap_r_size":726,"max_aidc_r_size":5251,"greedy_aci_aci":5.85175905799546,"greedy_aci_r_size":210560,"max_ad_r_size":1062,"max_ap_ap":0.36604519683033065,"max_aidc_lin":28.249335612594965,"init_ad":0.9503663772489628,"max_ap_lin":0.3703005629162097,"k":1,"max_aidc_upp_time":0.033987998962402344,"greedy_ap_r_size":41918,"greedy_ad_time":0.2542569637298584,"greedy_aidc_time":0.8806829452514648,"max_aci_aci":5.847108404484707,"max_ap_time":0.004830121994018555,"m":441,"greedy_ap_ap":0.36604519683033065,"max_ad_lin":0.9764657950099482,"greedy_ad_r_size":49600,"max_aidc_upp_lin":28.43536567951717,"max_aidc_aidc":28.295711012225297,"init_aidc":26.660034366358488}
{"n":105,"init_aci":5.773213314961134,"greedy_aci_time":2.8669049739837646,"greedy_ap_time":0.8320200443267822,"max_ad_ad":0.9977485874106232,"init_ap":0.29528077100477085,"model":"WC","greedy_aidc_aidc":29.851743565645748,"max_aidc_time":0.0602869987487793,"max_aidc_upp_r_size":5251,"max_ad_time":0.034700870513916016,"max_aidc_upp_aidc":29.851743565645744,"max_aci_time":0.18118596076965332,"s_dist":"Uniform","greedy_aidc_r_size":195122,"max_aci_lin":5.971299706908441,"name":"Polbooks","greedy_ad_ad":1.0077689153158478,"max_aci_r_size":5251,"max_ap_r_size":1268,"max_aidc_r_size":5251,"greedy_aci_aci":5.983132553765485,"greedy_aci_r_size":368174,"max_ad_r_size":1857,"max_ap_ap":0.4064852437768046,"max_aidc_lin":29.746287337274364,"init_ad":0.9503663761150942,"max_ap_lin":0.381976733404208,"k":3,"max_aidc_upp_time":0.02689194679260254,"greedy_ap_r_size":73300,"greedy_ad_time":0.5094900131225586,"greedy_aidc_time":1.2487599849700928,"max_aci_aci":5.9791684043840885,"max_ap_time":0.007920980453491211,"m":441,"greedy_ap_ap":0.4064852437768046,"max_ad_lin":1.002413440269385,"greedy_ad_r_size":86736,"max_aidc_upp_lin":30.08691122923773,"max_aidc_aidc":29.851743565645744,"init_aidc":26.660034136828436}
{"n":105,"init_aci":5.773212557887144,"greedy_aci_time":3.0494000911712646,"greedy_ap_time":0.5848329067230225,"max_ad_ad":1.0246885252742737,"init_ap":0.2952807669260026,"model":"WC","greedy_aidc_aidc":30.678999347845714,"max_aidc_time":0.048227787017822266,"max_aidc_upp_r_size":5251,"max_ad_time":0.03649711608886719,"max_aidc_upp_aidc":30.673758975899815,"max_aci_time":0.17378997802734375,"s_dist":"Uniform","greedy_aidc_r_size":264800,"max_aci_lin":6.069372518284585,"name":"Polbooks","greedy_ad_ad":1.0294441448806484,"max_aci_r_size":5251,"max_ap_r_size":1721,"max_aidc_r_size":5251,"greedy_aci_aci":6.087230245831522,"greedy_aci_r_size":440852,"max_ad_r_size":2520,"max_ap_ap":0.4267910413893867,"max_aidc_lin":30.5531245482246,"init_ad":0.9503663801938589,"max_ap_lin":0.39772002702004133,"k":5,"max_aidc_upp_time":0.028096914291381836,"greedy_ap_r_size":99474,"greedy_ad_time":0.687608003616333,"greedy_aidc_time":1.718385934829712,"max_aci_aci":6.061232648567946,"max_ap_time":0.008924007415771484,"m":441,"greedy_ap_ap":0.4330576854936088,"max_ad_lin":1.017756343747435,"greedy_ad_r_size":117706,"max_aidc_upp_lin":30.91686865386215,"max_aidc_aidc":30.672614935279245,"init_aidc":26.660034149512914}
