{"n":219,"init_aci":2.5597958925148205,"FJ_ad":0.06002318570747939,"init_ap":0.6741239727050805,"s_dist":"Exponential","FJ_aci":0.19096875086357717,"name":"Convote","FJ_upp_aidc":1.622173545636308,"init_ad":0.9385822806928079,"k":2,"FJ_z_sum":0.2,"FJ_ap":0.061773153460855545,"FJ_upp_ap":0.41245861011237056,"FJ_upp_ad":0.40554338640907805,"FJ_aidc":0.25662877385250815,"m":521,"k_par":"0.005","FJ_upp_aci":1.5315028797614667,"init_z_sum":76.86173221108277,"init_aidc":28.588623486287048}
{"n":379,"init_aci":2.9284966611270193,"FJ_ad":0.033091712239137906,"init_ap":0.482190921957626,"s_dist":"Exponential","FJ_aci":0.22509871520565689,"name":"Netscience","FJ_upp_aidc":1.3514150707803434,"init_ad":0.6316678897561255,"k":2,"FJ_z_sum":0.2,"FJ_ap":0.035159296477984575,"FJ_upp_ap":0.41940544177637124,"FJ_upp_ad":0.3378537676950862,"FJ_aidc":0.14703107033692941,"m":914,"k_par":"0.005","FJ_upp_aci":1.277480710423808,"init_z_sum":81.40362712617802,"init_aidc":18.598161042306078}
{"n":105,"init_aci":2.284043034354463,"FJ_ad":0.01775737020455216,"init_ap":0.181405931199812,"s_dist":"Exponential","FJ_aci":0.10135779456154385,"name":"Polbooks","FJ_upp_aidc":0.9564677761233707,"init_ad":0.4275106168612527,"k":1,"FJ_z_sum":0.1,"FJ_ap":0.011695992497866192,"FJ_upp_ap":0.20570797001262303,"FJ_upp_ad":0.2348567473090682,"FJ_aidc":0.1147923677780274,"m":441,"k_par":"0.005","FJ_upp_aci":0.8883697455462689,"init_z_sum":44.752977664694754,"init_aidc":19.68347847374896}
{"n":962,"init_aci":12.144431897758084,"FJ_ad":0.08844339410725198,"init_ap":0.19482617898837085,"s_dist":"Exponential","FJ_aci":0.5702983170312929,"name":"Reed98","FJ_upp_aidc":3.7252250333919306,"init_ad":0.7480449292691901,"k":5,"FJ_z_sum":0.5,"FJ_ap":0.07388828171533363,"FJ_upp_ap":1.0200842035070683,"FJ_upp_ad":0.9313062583479861,"FJ_aidc":0.38795842511445133,"m":18812,"k_par":"0.005","FJ_upp_aci":3.7016188871081916,"init_z_sum":227.28926404427358,"init_aidc":54.64392058423546}
{"n":404,"init_aci":2.0170422512917376,"FJ_ad":0.09569478518429302,"init_ap":0.8166937215766902,"s_dist":"Exponential","FJ_aci":0.207016645320477,"name":"WikiTalk","FJ_upp_aidc":1.58718127072996,"init_ad":1.0875654033601354,"k":3,"FJ_z_sum":0.30000000000000004,"FJ_ap":0.07061812854046125,"FJ_upp_ap":0.6280679389115138,"FJ_upp_ad":0.39679531768249143,"FJ_aidc":0.2806880157734742,"m":734,"k_par":"0.005","FJ_upp_aci":1.5709448353661595,"init_z_sum":78.35787721105365,"init_aidc":17.10217231403059}
{"n":889,"init_aci":9.018864477860392,"FJ_ad":0.14986610725281982,"init_ap":1.873370465346564,"s_dist":"Exponential","FJ_aci":0.527649084861119,"name":"WikiVote","FJ_upp_aidc":4.219920865174826,"init_ad":2.587416074675784,"k":5,"FJ_z_sum":0.5,"FJ_ap":0.16077446896479758,"FJ_upp_ap":1.042691785781572,"FJ_upp_ad":1.054980216293707,"FJ_aidc":0.5897716019086311,"m":2914,"k_par":"0.005","FJ_upp_aci":4.139269693026754,"init_z_sum":251.0121607223174,"init_aidc":75.33492031346195}
{"n":5054,"init_aci":29.236329577409705,"FJ_ad":0.5764460725484392,"init_ap":3.97824391557309,"s_dist":"Exponential","FJ_aci":2.2580677437499297,"name":"Advogato","FJ_upp_aidc":15.693876700547447,"init_ad":6.33499272124601,"k":26,"FJ_z_sum":2.6,"FJ_ap":0.6053937320526758,"FJ_upp_ap":5.407039642763996,"FJ_upp_ad":3.923469175136878,"FJ_aidc":2.1218670443523986,"m":39374,"k_par":"0.005","FJ_upp_aci":15.655103969767946,"init_z_sum":962.1236784322689,"init_aidc":193.47152033379757}
{"n":1133,"init_aci":12.6613519774679,"FJ_ad":0.18619667855372662,"init_ap":1.8062815672979724,"s_dist":"Exponential","FJ_aci":0.6102528496440691,"name":"EmailUniv","FJ_upp_aidc":4.833385316458529,"init_ad":3.028644037518774,"k":6,"FJ_z_sum":0.6000000000000001,"FJ_ap":0.20669480960295475,"FJ_upp_ap":1.2337891656294935,"FJ_upp_ad":1.2083463291146361,"FJ_aidc":0.6801722996521433,"m":5451,"k_par":"0.005","FJ_upp_aci":4.702428439907827,"init_z_sum":290.36258218380294,"init_aidc":79.24836755653226}
{"n":4991,"init_aci":19.45124422808564,"FJ_ad":0.6713869055200065,"init_ap":11.398176140923603,"s_dist":"Exponential","FJ_aci":1.8710017865542918,"name":"Erdos992","FJ_upp_aidc":17.219102620299584,"init_ad":11.408916542447194,"k":25,"FJ_z_sum":2.5,"FJ_ap":0.7642997447961145,"FJ_upp_ap":5.242207944552915,"FJ_upp_ad":4.30477565507493,"FJ_aidc":2.4776464930805786,"m":7428,"k_par":"0.005","FJ_upp_aci":16.68339618157277,"init_z_sum":1081.345158871588,"init_aidc":257.09027010034083}
{"n":4158,"init_aci":11.75882977135407,"FJ_ad":0.38878818957388356,"init_ap":2.8525314562399933,"s_dist":"Exponential","FJ_aci":1.3113021726433292,"name":"GrQc","FJ_upp_aidc":9.558341602991026,"init_ad":3.5044076623740303,"k":21,"FJ_z_sum":2.1,"FJ_ap":0.5276568168775979,"FJ_upp_ap":4.395921119812218,"FJ_upp_ad":2.3895854007477686,"FJ_aidc":1.437724517415459,"m":13422,"k_par":"0.005","FJ_upp_aci":9.32988475401829,"init_z_sum":585.3983142784041,"init_aidc":88.77425279055137}
{"n":2000,"init_aci":15.544829915317957,"FJ_ad":0.20801596993585567,"init_ap":1.096148684950858,"s_dist":"Exponential","FJ_aci":0.9158773426776081,"name":"Hamster","FJ_upp_aidc":6.608581467751052,"init_ad":2.391297598989862,"k":10,"FJ_z_sum":1.0,"FJ_ap":0.2250948581465695,"FJ_upp_ap":2.0822049257262587,"FJ_upp_ad":1.6521453669377761,"FJ_aidc":0.7972597188344425,"m":16097,"k_par":"0.005","FJ_upp_aci":6.560619971136394,"init_z_sum":411.0487125254609,"init_aidc":87.96796744438589}
{"n":2888,"init_aci":6.536567307349501,"FJ_ad":0.37447213720130834,"init_ap":6.253901423635196,"s_dist":"Exponential","FJ_aci":0.4380920306956403,"name":"NipsEgo","FJ_upp_aidc":8.69909635368141,"init_ad":6.294930552270023,"k":15,"FJ_z_sum":1.5,"FJ_ap":0.3762818016514358,"FJ_upp_ap":3.1492893963434367,"FJ_upp_ad":2.17477408842038,"FJ_aidc":1.2982270906308133,"m":2981,"k_par":"0.005","FJ_upp_aci":8.676545299807158,"init_z_sum":527.7252454292789,"init_aidc":108.98024977812246}
{"n":7057,"init_aci":65.67010697748162,"FJ_ad":0.663375209804876,"init_ap":2.8131248542116,"s_dist":"Exponential","FJ_aci":3.586344758165818,"name":"PagesGovernment","FJ_upp_aidc":25.025055603279412,"init_ad":7.4716916738154,"k":36,"FJ_z_sum":3.6,"FJ_ap":0.5902251216565061,"FJ_upp_ap":7.4588023911580414,"FJ_upp_ad":6.2562639008199445,"FJ_aidc":2.7516816932532495,"m":89429,"k_par":"0.005","FJ_upp_aci":24.953515943690913,"init_z_sum":1546.8254473410243,"init_aidc":349.3338433168037}
{"n":2672,"init_aci":38.4215981427747,"FJ_ad":0.2601896230020217,"init_ap":0.7255766785084339,"s_dist":"Exponential","FJ_aci":1.6366248556536271,"name":"USFCA72","FJ_upp_aidc":11.514377567331948,"init_ad":2.326722613573701,"k":14,"FJ_z_sum":1.4000000000000001,"FJ_ap":0.21728599358957026,"FJ_upp_ap":2.873600166533553,"FJ_upp_ad":2.8785943918329893,"FJ_aidc":1.1968602004910107,"m":65244,"k_par":"0.005","FJ_upp_aci":11.457889607268015,"init_z_sum":707.3014297678092,"init_aidc":190.2810839091857}
{"n":12645,"init_aci":41.87141403372667,"FJ_ad":1.5197494603292945,"init_ap":14.91919438777937,"s_dist":"Exponential","FJ_aci":4.283098044934137,"name":"Anybeat","FJ_upp_aidc":34.78105079443689,"init_ad":18.086892127788552,"k":64,"FJ_z_sum":6.4,"FJ_ap":1.644536953099124,"FJ_upp_ap":13.364136878513884,"FJ_upp_ad":8.695262698609296,"FJ_aidc":5.227357849842681,"m":49132,"k_par":"0.005","FJ_upp_aci":34.76656623634703,"init_z_sum":2140.5485116441782,"init_aidc":395.3586309157461}
{"n":17903,"init_aci":97.62768099096382,"FJ_ad":1.5004112960964808,"init_ap":6.495374005278213,"s_dist":"Exponential","FJ_aci":7.605347727507443,"name":"AstroPh","FJ_upp_aidc":49.087906179663115,"init_ad":13.4208914386574,"k":90,"FJ_z_sum":9.0,"FJ_ap":1.7121700938960613,"FJ_upp_ap":18.852941515342444,"FJ_upp_ad":12.271976544916088,"FJ_aidc":5.958729506819469,"m":196972,"k_par":"0.005","FJ_upp_aci":48.89411568412499,"init_z_sum":3033.667852322371,"init_aidc":533.9720509667658}
{"n":21363,"init_aci":117.66077875556107,"FJ_ad":2.069658040583728,"init_ap":14.976026282958063,"s_dist":"Exponential","FJ_aci":8.418137824659851,"name":"CondMat","FJ_upp_aidc":64.04911953498903,