{"n":379,"init_aci":17.68967470043672,"FJ_ad":0.05233862111861577,"init_ap":3.9807317808040694,"s_dist":"Uniform","FJ_aci":0.1947347572416147,"name":"Netscience","FJ_upp_aidc":3.1776808281947004,"init_ad":5.01420131595063,"k":2,"FJ_z_sum":0.2,"FJ_ap":0.09385030266911633,"FJ_upp_ap":0.4194054417763713,"FJ_upp_ad":0.7944202070486736,"FJ_aidc":0.3188155947012701,"m":914,"k_par":"0.005","FJ_upp_aci":3.003833573913194,"init_z_sum":187.67929447124516,"init_aidc":101.93297557895718}
{"n":962,"init_aci":69.4278918657239,"FJ_ad":0.12331168972355425,"init_ap":1.4895405723104445,"s_dist":"Uniform","FJ_aci":0.5361115106409688,"name":"Reed98","FJ_upp_aidc":8.025128223805584,"init_ad":4.50124914322668,"k":5,"FJ_z_sum":0.5,"FJ_ap":0.14236756958427696,"FJ_upp_ap":1.0200842035070683,"FJ_upp_ad":2.0062820559514076,"FJ_aidc":0.7451387181125665,"m":18812,"k_par":"0.005","FJ_upp_aci":7.9742742890502845,"init_z_sum":478.5873638575615,"init_aidc":244.0842044710854}
{"n":889,"init_aci":42.85393362096581,"FJ_ad":0.1388160288357041,"init_ap":8.485534249803825,"s_dist":"Uniform","FJ_aci":0.5024432798575941,"name":"WikiVote","FJ_upp_aidc":7.795884120375071,"init_ad":12.384798986275312,"k":5,"FJ_z_sum":0.5,"FJ_ap":0.24760688923814533,"FJ_upp_ap":1.042691785781572,"FJ_upp_ad":1.9489710300937717,"FJ_aidc":0.8355215364484323,"m":2914,"k_par":"0.005","FJ_upp_aci":7.64688910072258,"init_z_sum":446.1315395366226,"init_aidc":244.75486829528302}
{"n":5054,"init_aci":270.54406580558333,"FJ_ad":0.7056413060220068,"init_ap":35.96616849006652,"s_dist":"Uniform","FJ_aci":2.7168462364961026,"name":"Advogato","FJ_upp_aidc":42.14588903524263,"init_ad":58.659013541517865,"k":26,"FJ_z_sum":2.6,"FJ_ap":1.0113557740534946,"FJ_upp_ap":5.407039642763996,"FJ_upp_ad":10.536472258810699,"FJ_aidc":4.145433441152456,"m":39374,"k_par":"0.005","FJ_upp_aci":42.04176490834869,"init_z_sum":2526.6213891169573,"init_aidc":1357.7465716164909}
{"n":1133,"init_aci":62.15137894437052,"FJ_ad":0.1621076005847666,"init_ap":6.808049496511117,"s_dist":"Uniform","FJ_aci":0.6209287604092157,"name":"EmailUniv","FJ_upp_aidc":9.373981100633143,"init_ad":12.241507674520756,"k":6,"FJ_z_sum":0.6000000000000001,"FJ_ap":0.2588697230451024,"FJ_upp_ap":1.2337891656294937,"FJ_upp_ad":2.3434952751582925,"FJ_aidc":0.9399756209104382,"m":5451,"k_par":"0.005","FJ_upp_aci":9.120000255860841,"init_z_sum":551.0563935235425,"init_aidc":287.0664593588535}
{"n":4991,"init_aci":147.33550981562004,"FJ_ad":0.7060259462390401,"init_ap":92.28044517902391,"s_dist":"Uniform","FJ_aci":2.4981568154883536,"name":"Erdos992","FJ_upp_aidc":40.94050119064643,"init_ad":93.25004750621139,"k":25,"FJ_z_sum":2.5,"FJ_ap":1.1923896450100329,"FJ_upp_ap":5.242207944552915,"FJ_upp_ad":10.235125297661705,"FJ_aidc":4.052839528929416,"m":7428,"k_par":"0.005","FJ_upp_aci":39.66679427477764,"init_z_sum":2477.284451601986,"init_aidc":1415.1313748347422}
{"n":4158,"init_aci":189.0899842906561,"FJ_ad":0.5634160401384369,"init_ap":42.43502375817268,"s_dist":"Uniform","FJ_aci":2.1408032929758103,"name":"GrQc","FJ_upp_aidc":33.81454252197712,"init_ad":54.520157196990475,"k":21,"FJ_z_sum":2.1,"FJ_ap":1.0354230578009989,"FJ_upp_ap":4.395921119812218,"FJ_upp_ad":8.453635630494324,"FJ_aidc":3.4044128211657805,"m":13422,"k_par":"0.005","FJ_upp_aci":33.006330788719005,"init_z_sum":2042.9862681195755,"init_aidc":1100.7533869273996}
{"n":2000,"init_aci":125.94975122359457,"FJ_ad":0.25914798638612385,"init_ap":8.10172381904825,"s_dist":"Uniform","FJ_aci":1.058516780829957,"name":"Hamster","FJ_upp_aidc":16.307163346316596,"init_ad":17.862890604799787,"k":10,"FJ_z_sum":1.0,"FJ_ap":0.4200337993835031,"FJ_upp_ap":2.0822049257262587,"FJ_upp_ad":4.076790836579167,"FJ_aidc":1.5620840849369093,"m":16097,"k_par":"0.005","FJ_upp_aci":16.188814807610445,"init_z_sum":986.8162281920327,"init_aidc":512.8677473947022}
{"n":2888,"init_aci":61.92638118727421,"FJ_ad":0.4204760232960772,"init_ap":58.93453554276161,"s_dist":"Uniform","FJ_aci":0.9556671212737567,"name":"NipsEgo","FJ_upp_aidc":24.249207384979943,"init_ad":59.305193608846395,"k":15,"FJ_z_sum":1.5,"FJ_ap":0.46552061071177087,"FJ_upp_ap":3.1492893963434367,"FJ_upp_ad":6.0623018462450355,"FJ_aidc":2.334910872624852,"m":2981,"k_par":"0.005","FJ_upp_aci":24.18634508757368,"init_z_sum":1450.4672059406478,"init_aidc":846.7214179479348}
{"n":7057,"init_aci":463.50219151507446,"FJ_ad":0.9255910761613688,"init_ap":20.2310386934282,"s_dist":"Uniform","FJ_aci":3.8240240126096454,"name":"PagesGovernment","FJ_upp_aidc":58.885993917210705,"init_ad":50.64958221233761,"k":36,"FJ_z_sum":3.6,"FJ_ap":1.4081009459022744,"FJ_upp_ap":7.4588023911580414,"FJ_upp_ad":14.721498479302852,"FJ_aidc":5.662753859324513,"m":89429,"k_par":"0.005","FJ_upp_aci":58.71765527188861,"init_z_sum":3557.770978964209,"init_aidc":1864.523021237629}
{"n":2672,"init_aci":188.06805500070888,"FJ_ad":0.351943443245421,"init_ap":3.483801180325565,"s_dist":"Uniform","FJ_aci":1.4974204371163238,"name":"USFCA72","FJ_upp_aidc":22.316172902506235,"init_ad":10.982190549738302,"k":14,"FJ_z_sum":1.4000000000000001,"FJ_ap":0.4029479268058336,"FJ_upp_ap":2.873600166533553,"FJ_upp_ad":5.579043225626569,"FJ_aidc":2.0987105439097506,"m":65244,"k_par":"0.005","FJ_upp_aci":22.206692813259128,"init_z_sum":1332.6628845580158,"init_aidc":679.1330450050976}
{"n":12645,"init_aci":470.912208206657,"FJ_ad":1.7594675502094086,"init_ap":171.23410248343924,"s_dist":"Uniform","FJ_aci":6.43514910417211,"name":"Anybeat","FJ_upp_aidc":104.80230070275934,"init_ad":207.41528889098663,"k":64,"FJ_z_sum":6.4,"FJ_ap":2.9048693849231024,"FJ_upp_ap":13.364136878513884,"FJ_upp_ad":26.200575175690055,"FJ_aidc":10.331893082042765,"m":49132,"k_par":"0.005","FJ_upp_aci":104.75865581631093,"init_z_sum":6342.438879170375,"init_aidc":3559.8697293133137}
{"n":17903,"init_aci":1111.3285203398357,"FJ_ad":2.3472261864412878,"init_ap":69.00693545444365,"s_dist":"Uniform","FJ_aci":9.54304929573665,"name":"AstroPh","FJ_upp_aidc":147.64109344971382,"init_ad":152.7406216568159,"k":90,"FJ_z_sum":9.0,"FJ_ap":3.287596744751452,"FJ_upp_ap":18.852941515342444,"FJ_upp_ad":36.910273362429386,"FJ_aidc":13.948004453529695,"m":196972,"k_par":"0.005","FJ_upp_aci":147.058232152744,"init_z_sum":8971.285803161149,"init_aidc":4717.305203268776}
{"n":21363,"init_aci":1134.7500556030345,"FJ_ad":2.826939836032966,"init_ap":142.64717814080603,"s_dist":"Uniform","FJ_aci":11.072051426556197,"name":"CondMat","FJ_upp_aidc":176.0215423773781,"init_ad":246.72732146003784,"k":107,"FJ_z_sum":10.700000000000001,"FJ_ap":4.881058427668614,"FJ_upp_ap":22.378183185093516,"FJ_upp_ad":44.005385594344915,"FJ_aidc":17.179349259648095,"m":91286,"k_par":"0.005","FJ_upp_aci":174.77141436867458,"init_z_sum":10721.235739972191,"init_aidc":5769.934237396593}
{"n":23613,"init_aci":664.3695299187183,"FJ_ad":3.28978805547109,"init_ap":389.59373155525213,"s_dist":"Uniform","FJ_aci":10.196394037921754,"name":"Gplus","FJ_upp_aidc":194.84994590209283,"init_ad":453.9455291452209,"k":119,"FJ_z_sum":11.9,"FJ_ap":3.576111701620703,"FJ_upp_ap":24.963240470049595,"FJ_upp_ad":48.71248647552453,"FJ_aidc":18.51798552938768,"m":39182,"k_par":"0.005","FJ_upp_aci":194.70892921436052,"init_z_sum":11820.415700795902,"init_aidc":6760.713164679901}
{"n":11204,"init_aci":620.7998781845337,"FJ_ad":1.512290844644698,"init_ap":74.41137954429954,"s_dist":"Uniform","FJ_aci":6.063738687151731,"name":"HepPh","FJ_upp_aidc":92.29521243022003,"init_ad":122.42349989738861,"k":57,"FJ_z_sum":5.7,"FJ_ap":2.4249001647343342,"FJ_upp_ap":11.931591590815502,"FJ_upp_ad":23.07380310755518,"FJ_aidc":9.024478591856608,"m":117619,"k_par":"0.005","FJ_upp_aci":91.9212557115876,"init_z_sum":5550.846291283872,"init_aidc":2946.914757512801}
{"n":14113,"init_aci":697.7038185317301,"FJ_ad":1.9297999081911439,"init_ap":125.84075515708614,"s_dist":"Uniform","FJ_aci":7.204732861906709,"name":"PagesCompany","FJ_upp_aidc":116.2820703727076,"init_ad":179.96674082062083,"k":71,"FJ_z_sum":7.1000000000000005,"FJ_ap":3.7316889625582204,